Workbook

Sheet Guide
A1: Edition des rencontres
A2: Utilise la feuille Encounters. Saisis pokemon_id, poids, niveaux et method_1/2/3. Les noms et methods se remplissent automatiquement.
A3: Ensuite exporte vers le CSV runtime avec: npm run zone:editor:export

Sheet Lists
A1: zone_type | B1: combat_enabled | C1: encounter_method
A2: route | B2: true | C2: walk
A3: city | B3: false | C3: surf
A4: dungeon | C4: old-rod
C5: good-rod
C6: super-rod
C7: gift
C8: only-one
C9: pokeflute
C10: rock-smash

Sheet PokemonRef
A1: pokemon_id | B1: pokemon_name_en | C1: pokemon_name_fr
A2: 1 | B2: bulbasaur | C2: Bulbizarre
A3: 2 | B3: ivysaur | C3: Herbizarre
A4: 3 | B4: venusaur | C4: Florizarre
A5: 4 | B5: charmander | C5: Salamèche
A6: 5 | B6: charmeleon | C6: Reptincel
A7: 6 | B7: charizard | C7: Dracaufeu
A8: 7 | B8: squirtle | C8: Carapuce
A9: 8 | B9: wartortle | C9: Carabaffe
A10: 9 | B10: blastoise | C10: Tortank
A11: 10 | B11: caterpie | C11: Chenipan
A12: 11 | B12: metapod | C12: Chrysacier
A13: 12 | B13: butterfree | C13: Papilusion
... A494: 493 | B494: arceus | C494: Arceus

Sheet Encounters
A1: route_id | B1: route_name_fr | C1: zone_type | D1: combat_enabled | E1: pokemon_id | F1: pokemon_name_fr | G1: pokemon_name_en | H1: spawn_weight | I1: min_level | J1: max_level | K1: method_1 | L1: method_2 | M1: method_3 | N1: methods | O1: notes
A2: kanto_city_pallet_town | B2: Bourg Palette (Kanto) | C2: town | D2: false
A3: kanto_route_1 | B3: Route 1 (Kanto) | C3: route | D3: true | E3: 16 | F3: =IF($E3="","",IFERROR(INDEX(PokemonRef!$C$2:$C$494,MATCH($E3,PokemonRef!$A$2:$A$494,0)),"")) | G3: =IF($E3="","",IFERROR(INDEX(PokemonRef!$B$2:$B$494,MATCH($E3,PokemonRef!$A$2:$A$494,0)),"")) | H3: 50 | I3: 2 | J3: 5 | K3: walk | N3: =IF($E3="","",TEXTJOIN("|",TRUE,K3:M3))
A4: kanto_route_1 | B4: Route 1 (Kanto) | C4: route | D4: true | E4: 19 | F4: =IF($E4="","",IFERROR(INDEX(PokemonRef!$C$2:$C$494,MATCH($E4,PokemonRef!$A$2:$A$494,0)),"")) | G4: =IF($E4="","",IFERROR(INDEX(PokemonRef!$B$2:$B$494,MATCH($E4,PokemonRef!$A$2:$A$494,0)),"")) | H4: 50 | I4: 2 | J4: 4 | K4: walk | N4: =IF($E4="","",TEXTJOIN("|",TRUE,K4:M4))
A5: kanto_city_viridian_city | B5: Jadielle (Kanto) | C5: town | D5: false
A6: kanto_route_2 | B6: Route 2 (Kanto) | C6: route | D6: true | E6: 16 | F6: =IF($E6="","",IFERROR(INDEX(PokemonRef!$C$2:$C$494,MATCH($E6,PokemonRef!$A$2:$A$494,0)),"")) | G6: =IF($E6="","",IFERROR(INDEX(PokemonRef!$B$2:$B$494,MATCH($E6,PokemonRef!$A$2:$A$494,0)),"")) | H6: 45 | I6: 2 | J6: 5 | K6: walk | N6: =IF($E6="","",TEXTJOIN("|",TRUE,K6:M6))
A7: kanto_route_2 | B7: Route 2 (Kanto) | C7: route | D7: true | E7: 19 | F7: =IF($E7="","",IFERROR(INDEX(PokemonRef!$C$2:$C$494,MATCH($E7,PokemonRef!$A$2:$A$494,0)),"")) | G7: =IF($E7="","",IFERROR(INDEX(PokemonRef!$B$2:$B$494,MATCH($E7,PokemonRef!$A$2:$A$494,0)),"")) | H7: 45 | I7: 2 | J7: 5 | K7: walk | N7: =IF($E7="","",TEXTJOIN("|",TRUE,K7:M7))
A8: kanto_route_2 | B8: Route 2 (Kanto) | C8: route | D8: true | E8: 10 | F8: =IF($E8="","",IFERROR(INDEX(PokemonRef!$C$2:$C$494,MATCH($E8,PokemonRef!$A$2:$A$494,0)),"")) | G8: =IF($E8="","",IFERROR(INDEX(PokemonRef!$B$2:$B$494,MATCH($E8,PokemonRef!$A$2:$A$494,0)),"")) | H8: 5 | I8: 4 | J8: 5 | K8: walk | N8: =IF($E8="","",TEXTJOIN("|",TRUE,K8:M8))
A9: kanto_route_2 | B9: Route 2 (Kanto) | C9: route | D9: true | E9: 13 | F9: =IF($E9="","",IFERROR(INDEX(PokemonRef!$C$2:$C$494,MATCH($E9,PokemonRef!$A$2:$A$494,0)),"")) | G9: =IF($E9="","",IFERROR(INDEX(PokemonRef!$B$2:$B$494,MATCH($E9,PokemonRef!$A$2:$A$494,0)),"")) | H9: 5 | I9: 4 | J9: 5 | K9: walk | N9: =IF($E9="","",TEXTJOIN("|",TRUE,K9:M9))
A10: kanto_dungeon_viridian_forest | B10: Foret de Jade (Kanto) | C10: dungeon | D10: true | E10: 10 | F10: =IF($E10="","",IFERROR(INDEX(PokemonRef!$C$2:$C$494,MATCH($E10,PokemonRef!$A$2:$A$494,0)),"")) | G10: =IF($E10="","",IFERROR(INDEX(PokemonRef!$B$2:$B$494,MATCH($E10,PokemonRef!$A$2:$A$494,0)),"")) | H10: 40 | I10: 3 | J10: 5 | K10: walk | N10: =IF($E10="","",TEXTJOIN("|",TRUE,K10:M10))
A11: kanto_dungeon_viridian_forest | B11: Foret de Jade (Kanto) | C11: dungeon | D11: true | E11: 13 | F11: =IF($E11="","",IFERROR(INDEX(PokemonRef!$C$2:$C$494,MATCH($E11,PokemonRef!$A$2:$A$494,0)),"")) | G11: =IF($E11="","",IFERROR(INDEX(PokemonRef!$B$2:$B$494,MATCH($E11,PokemonRef!$A$2:$A$494,0)),"")) | H11: 40 | I11: 3 | J11: 5 | K11: walk | N11: =IF($E11="","",TEXTJOIN("|",TRUE,K11:M11))
A12: kanto_dungeon_viridian_forest | B12: Foret de Jade (Kanto) | C12: dungeon | D12: true | E12: 11 | F12: =IF($E12="","",IFERROR(INDEX(PokemonRef!$C$2:$C$494,MATCH($E12,PokemonRef!$A$2:$A$494,0)),"")) | G12: =IF($E12="","",IFERROR(INDEX(PokemonRef!$B$2:$B$494,MATCH($E12,PokemonRef!$A$2:$A$494,0)),"")) | H12: 10 | I12: 4 | J12: 6 | K12: walk | N12: =IF($E12="","",TEXTJOIN("|",TRUE,K12:M12))
A13: kanto_dungeon_viridian_forest | B13: Foret de Jade (Kanto) | C13: dungeon | D13: true | E13: 14 | F13: =IF($E13="","",IFERROR(INDEX(PokemonRef!$C$2:$C$494,MATCH($E13,PokemonRef!$A$2:$A$494,0)),"")) | G13: =IF($E13="","",IFERROR(INDEX(PokemonRef!$B$2:$B$494,MATCH($E13,PokemonRef!$A$2:$A$494,0)),"")) | H13: 10 | I13: 4 | J13: 6 | K13: walk | N13: =IF($E13="","",TEXTJOIN("|",TRUE,K13:M13))
A14: kanto_dungeon_viridian_forest | B14: Foret de Jade (Kanto) | C14: dungeon | D14: true | E14: 25 | F14: =IF($E14="","",IFERROR(INDEX(PokemonRef!$C$2:$C$494,MATCH($E14,PokemonRef!$A$2:$A$494,0)),"")) | G14: =IF($E14="","",IFERROR(INDEX(PokemonRef!$B$2:$B$494,MATCH($E14,PokemonRef!$A$2:$A$494,0)),"")) | H14: 5 | I14: 3 | J14: 5 | K14: walk | N14: =IF($E14="","",TEXTJOIN("|",TRUE,K14:M14))
A15: kanto_city_pewter_city | B15: Argenta (Kanto) | C15: town | D15: false
A16: kanto_route_3 | B16: Route 3 (Kanto) | C16: route | D16: true | E16: 129 | F16: =IF($E16="","",IFERROR(INDEX(PokemonRef!$C$2:$C$494,MATCH($E16,PokemonRef!$A$2:$A$494,0)),"")) | G16: =IF($E16="","",IFERROR(INDEX(PokemonRef!$B$2:$B$494,MATCH($E16,PokemonRef!$A$2:$A$494,0)),"")) | H16: 100 | I16: 5 | J16: 5 | K16: gift | N16: =IF($E16="","",TEXTJOIN("|",TRUE,K16:M16))
A17: kanto_route_3 | B17: Route 3 (Kanto) | C17: route | D17: true | E17: 21 | F17: =IF($E17="","",IFERROR(INDEX(PokemonRef!$C$2:$C$494,MATCH($E17,PokemonRef!$A$2:$A$494,0)),"")) | G17: =IF($E17="","",IFERROR(INDEX(PokemonRef!$B$2:$B$494,MATCH($E17,PokemonRef!$A$2:$A$494,0)),"")) | H17: 35 | I17: 6 | J17: 8 | K17: walk | N17: =IF($E17="","",TEXTJOIN("|",TRUE,K17:M17))
A18: kanto_route_3 | B18: Route 3 (Kanto) | C18: route | D18: true | E18: 16 | F18: =IF($E18="","",IFERROR(INDEX(PokemonRef!$C$2:$C$494,MATCH($E18,PokemonRef!$A$2:$A$494,0)),"")) | G18: =IF($E18="","",IFERROR(INDEX(PokemonRef!$B$2:$B$494,MATCH($E18,PokemonRef!$A$2:$A$494,0)),"")) | H18: 30 | I18: 6 | J18: 7 | K18: walk | N18: =IF($E18="","",TEXTJOIN("|",TRUE,K18:M18))
A19: kanto_route_3 | B19: Route 3 (Kanto) | C19: route | D19: true | E19: 29 | F19: =IF($E19="","",IFERROR(INDEX(PokemonRef!$C$2:$C$494,MATCH($E19,PokemonRef!$A$2:$A$494,0)),"")) | G19: =IF($E19="","",IFERROR(INDEX(PokemonRef!$B$2:$B$494,MATCH($E19,PokemonRef!$A$2:$A$494,0)),"")) | H19: 14 | I19: 6 | J19: 7 | K19: walk | N19: =IF($E19="","",TEXTJOIN("|",TRUE,K19:M19))
A20: kanto_route_3 | B20: Route 3 (Kanto) | C20: route | D20: true | E20: 32 | F20: =IF($E20="","",IFERROR(INDEX(PokemonRef!$C$2:$C$494,MATCH($E20,PokemonRef!$A$2:$A$494,0)),"")) | G20: =IF($E20="","",IFERROR(INDEX(PokemonRef!$B$2:$B$494,MATCH($E20,PokemonRef!$A$2:$A$494,0)),"")) | H20: 14 | I20: 6 | J20: 7 | K20: walk | N20: =IF($E20="","",TEXTJOIN("|",TRUE,K20:M20))
A21: kanto_route_3 | B21: Route 3 (Kanto) | C21: route | D21: true | E21: 39 | F21: =IF($E21="","",IFERROR(INDEX(PokemonRef!$C$2:$C$494,MATCH($E21,PokemonRef!$A$2:$A$494,0)),"")) | G21: =IF($E21="","",IFERROR(INDEX(PokemonRef!$B$2:$B$494,MATCH($E21,PokemonRef!$A$2:$A$494,0)),"")) | H21: 10 | I21: 3 | J21: 7 | K21: walk | N21: =IF($E21="","",TEXTJOIN("|",TRUE,K21:M21))
A22: kanto_route_3 | B22: Route 3 (Kanto) | C22: route | D22: true | E22: 56 | F22: =IF($E22="","",IFERROR(INDEX(PokemonRef!$C$2:$C$494,MATCH($E22,PokemonRef!$A$2:$A$494,0)),"")) | G22: =IF($E22="","",IFERROR(INDEX(PokemonRef!$B$2:$B$494,MATCH($E22,PokemonRef!$A$2:$A$494,0)),"")) | H22: 10 | I22: 7 | J22: 7 | K22: walk | N22: =IF($E22="","",TEXTJOIN("|",TRUE,K22:M22))
A23: kanto_dungeon_mt_moon | B23: Mont Selenite (Kanto) | C23: dungeon | D23: true | E23: 46 | F23: =IF($E23="","",IFERROR(INDEX(PokemonRef!$C$2:$C$494,MATCH($E23,PokemonRef!$A$2:$A$494,0)),"")) | G23: =IF($E23="","",IFERROR(INDEX(PokemonRef!$B$2:$B$494,MATCH($E23,PokemonRef!$A$2:$A$494,0)),"")) | H23: 100 | I23: 5 | J23: 12 | K23: walk | N23: =IF($E23="","",TEXTJOIN("|",TRUE,K23:M23))
A24: kanto_dungeon_mt_moon | B24: Mont Selenite (Kanto) | C24: dungeon | D24: true | E24: 41 | F24: =IF($E24="","",IFERROR(INDEX(PokemonRef!$C$2:$C$494,MATCH($E24,PokemonRef!$A$2:$A$494,0)),"")) | G24: =IF($E24="","",IFERROR(INDEX(PokemonRef!$B$2:$B$494,MATCH($E24,PokemonRef!$A$2:$A$494,0)),"")) | H24: 69 | I24: 7 | J24: 11 | K24: walk | N24: =IF($E24="","",TEXTJOIN("|",TRUE,K24:M24))
A25: kanto_dungeon_mt_moon | B25: Mont Selenite (Kanto) | C25: dungeon | D25: true | E25: 74 | F25: =IF($E25="","",IFERROR(INDEX(PokemonRef!$C$2:$C$494,MATCH($E25,PokemonRef!$A$2:$A$494,0)),"")) | G25: =IF($E25="","",IFERROR(INDEX(PokemonRef!$B$2:$B$494,MATCH($E25,PokemonRef!$A$2:$A$494,0)),"")) | H25: 30 | I25: 7 | J25: 10 | K25: walk | N25: =IF($E25="","",TEXTJOIN("|",TRUE,K25:M25))
A26: kanto_dungeon_mt_moon | B26: Mont Selenite (Kanto) | C26: dungeon | D26: true | E26: 35 | F26: =IF($E26="","",IFERROR(INDEX(PokemonRef!$C$2:$C$494,MATCH($E26,PokemonRef!$A$2:$A$494,0)),"")) | G26: =IF($E26="","",IFERROR(INDEX(PokemonRef!$B$2:$B$494,MATCH($E26,PokemonRef!$A$2:$A$494,0)),"")) | H26: 6 | I26: 8 | J26: 12 | K26: walk | N26: =IF($E26="","",TEXTJOIN("|",TRUE,K26:M26))
A27: kanto_route_4 | B27: Route 4 (Kanto) | C27: route | D27: true | E27: 98 | F27: =IF($E27="","",IFERROR(INDEX(PokemonRef!$C$2:$C$494,MATCH($E27,PokemonRef!$A$2:$A$494,0)),"")) | G27: =IF($E27="","",IFERROR(INDEX(PokemonRef!$B$2:$B$494,MATCH($E27,PokemonRef!$A$2:$A$494,0)),"")) | H27: 144 | I27: 5 | J27: 35 | K27: good-rod | L27: super-rod | N27: =IF($E27="","",TEXTJOIN("|",TRUE,K27:M27))
A28: kanto_route_4 | B28: Route 4 (Kanto) | C28: route | D28: true | E28: 116 | F28: =IF($E28="","",IFERROR(INDEX(PokemonRef!$C$2:$C$494,MATCH($E28,PokemonRef!$A$2:$A$494,0)),"")) | G28: =IF($E28="","",IFERROR(INDEX(PokemonRef!$B$2:$B$494,MATCH($E28,PokemonRef!$A$2:$A$494,0)),"")) | H28: 144 | I28: 5 | J28: 35 | K28: good-rod | L28: super-rod | N28: =IF($E28="","",TEXTJOIN("|",TRUE,K28:M28))
A29: kanto_route_4 | B29: Route 4 (Kanto) | C29: route | D29: true | E29: 129 | F29: =IF($E29="","",IFERROR(INDEX(PokemonRef!$C$2:$C$494,MATCH($E29,PokemonRef!$A$2:$A$494,0)),"")) | G29: =IF($E29="","",IFERROR(INDEX(PokemonRef!$B$2:$B$494,MATCH($E29,PokemonRef!$A$2:$A$494,0)),"")) | H29: 120 | I29: 5 | J29: 15 | K29: gift | L29: good-rod | M29: old-rod | N29: =IF($E29="","",TEXTJOIN("|",TRUE,K29:M29))
A30: kanto_route_4 | B30: Route 4 (Kanto) | C30: route | D30: true | E30: 72 | F30: =IF($E30="","",IFERROR(INDEX(PokemonRef!$C$2:$C$494,MATCH($E30,PokemonRef!$A$2:$A$494,0)),"")) | G30: =IF($E30="","",IFERROR(INDEX(PokemonRef!$B$2:$B$494,MATCH($E30,PokemonRef!$A$2:$A$494,0)),"")) | H30: 100 | I30: 5 | J30: 40 | K30: surf | N30: =IF($E30="","",TEXTJOIN("|",TRUE,K30:M30))
A31: kanto_route_4 | B31: Route 4 (Kanto) | C31: route | D31: true | E31: 19 | F31: =IF($E31="","",IFERROR(INDEX(PokemonRef!$C$2:$C$494,MATCH($E31,PokemonRef!$A$2:$A$494,0)),"")) | G31: =IF($E31="","",IFERROR(INDEX(PokemonRef!$B$2:$B$494,MATCH($E31,PokemonRef!$A$2:$A$494,0)),"")) | H31: 35 | I31: 8 | J31: 12 | K31: walk | N31: =IF($E31="","",TEXTJOIN("|",TRUE,K31:M31))
A32: kanto_route_4 | B32: Route 4 (Kanto) | C32: route | D32: true | E32: 21 | F32: =IF($E32="","",IFERROR(INDEX(PokemonRef!$C$2:$C$494,MATCH($E32,PokemonRef!$A$2:$A$494,0)),"")) | G32: =IF($E32="","",IFERROR(INDEX(PokemonRef!$B$2:$B$494,MATCH($E32,PokemonRef!$A$2:$A$494,0)),"")) | H32: 35 | I32: 8 | J32: 12 | K32: walk | N32: =IF($E32="","",TEXTJOIN("|",TRUE,K32:M32))
A33: kanto_route_4 | B33: Route 4 (Kanto) | C33: route | D33: true | E33: 23 | F33: =IF($E33="","",IFERROR(INDEX(PokemonRef!$C$2:$C$494,MATCH($E33,PokemonRef!$A$2:$A$494,0)),"")) | G33: =IF($E33="","",IFERROR(INDEX(PokemonRef!$B$2:$B$494,MATCH($E33,PokemonRef!$A$2:$A$494,0)),"")) | H33: 25 | I33: 6 | J33: 12 | K33: walk | N33: =IF($E33="","",TEXTJOIN("|",TRUE,K33:M33))
A34: kanto_route_4 | B34: Route 4 (Kanto) | C34: route | D34: true | E34: 27 | F34: =IF($E34="","",IFERROR(INDEX(PokemonRef!$C$2:$C$494,MATCH($E34,PokemonRef!$A$2:$A$494,0)),"")) | G34: =IF($E34="","",IFERROR(INDEX(PokemonRef!$B$2:$B$494,MATCH($E34,PokemonRef!$A$2:$A$494,0)),"")) | H34: 25 | I34: 6 | J34: 12 | K34: walk | N34: =IF($E34="","",TEXTJOIN("|",TRUE,K34:M34))
A35: kanto_route_4 | B35: Route 4 (Kanto) | C35: route | D35: true | E35: 130 | F35: =IF($E35="","",IFERROR(INDEX(PokemonRef!$C$2:$C$494,MATCH($E35,PokemonRef!$A$2:$A$494,0)),"")) | G35: =IF($E35="","",IFERROR(INDEX(PokemonRef!$B$2:$B$494,MATCH($E35,PokemonRef!$A$2:$A$494,0)),"")) | H35: 15 | I35: 15 | J35: 25 | K35: super-rod | N35: =IF($E35="","",TEXTJOIN("|",TRUE,K35:M35))
A36: kanto_route_4 | B36: Route 4 (Kanto) | C36: route | D36: true | E36: 56 | F36: =IF($E36="","",IFERROR(INDEX(PokemonRef!$C$2:$C$494,MATCH($E36,PokemonRef!$A$2:$A$494,0)),"")) | G36: =IF($E36="","",IFERROR(INDEX(PokemonRef!$B$2:$B$494,MATCH($E36,PokemonRef!$A$2:$A$494,0)),"")) | H36: 5 | I36: 10 | J36: 12 | K36: walk | N36: =IF($E36="","",TEXTJOIN("|",TRUE,K36:M36))
A37: kanto_route_4 | B37: Route 4 (Kanto) | C37: route | D37: true | E37: 54 | F37: =IF($E37="","",IFERROR(INDEX(PokemonRef!$C$2:$C$494,MATCH($E37,PokemonRef!$A$2:$A$494,0)),"")) | G37: =IF($E37="","",IFERROR(INDEX(PokemonRef!$B$2:$B$494,MATCH($E37,PokemonRef!$A$2:$A$494,0)),"")) | H37: 1 | I37: 25 | J37: 35 | K37: super-rod | N37: =IF($E37="","",TEXTJOIN("|",TRUE,K37:M37))
A38: kanto_route_4 | B38: Route 4 (Kanto) | C38: route | D38: true | E38: 79 | F38: =IF($E38="","",IFERROR(INDEX(PokemonRef!$C$2:$C$494,MATCH($E38,PokemonRef!$A$2:$A$494,0)),"")) | G38: =IF($E38="","",IFERROR(INDEX(PokemonRef!$B$2:$B$494,MATCH($E38,PokemonRef!$A$2:$A$494,0)),"")) | H38: 1 | I38: 25 | J38: 35 | K38: super-rod | N38: =IF($E38="","",TEXTJOIN("|",TRUE,K38:M38))
A39: kanto_city_cerulean_city | B39: Azuria (Kanto) | C39: town | D39: false
A40: kanto_route_24 | B40: Route 24 (Kanto) | C40: route | D40: true | E40: 98 | F40: =IF($E40="","",IFERROR(INDEX(PokemonRef!$C$2:$C$494,MATCH($E40,PokemonRef!$A$2:$A$494,0)),"")) | G40: =IF($E40="","",IFERROR(INDEX(PokemonRef!$B$2:$B$494,MATCH($E40,PokemonRef!$A$2:$A$494,0)),"")) | H40: 144 | I40: 5 | J40: 35 | K40: good-rod | L40: super-rod | N40: =IF($E40="","",TEXTJOIN("|",TRUE,K40:M40))
A41: kanto_route_24 | B41: Route 24 (Kanto) | C41: route | D41: true | E41: 116 | F41: =IF($E41="","",IFERROR(INDEX(PokemonRef!$C$2:$C$494,MATCH($E41,PokemonRef!$A$2:$A$494,0)),"")) | G41: =IF($E41="","",IFERROR(INDEX(PokemonRef!$B$2:$B$494,MATCH($E41,PokemonRef!$A$2:$A$494,0)),"")) | H41: 144 | I41: 5 | J41: 35 | K41: good-rod | L41: super-rod | N41: =IF($E41="","",TEXTJOIN("|",TRUE,K41:M41))
A42: kanto_route_24 | B42: Route 24 (Kanto) | C42: route | D42: true | E42: 129 | F42: =IF($E42="","",IFERROR(INDEX(PokemonRef!$C$2:$C$494,MATCH($E42,PokemonRef!$A$2:$A$494,0)),"")) | G42: =IF($E42="","",IFERROR(INDEX(PokemonRef!$B$2:$B$494,MATCH($E42,PokemonRef!$A$2:$A$494,0)),"")) | H42: 120 | I42: 5 | J42: 15 | K42: good-rod | L42: old-rod | N42: =IF($E42="","",TEXTJOIN("|",TRUE,K42:M42))
A43: kanto_route_24 | B43: Route 24 (Kanto) | C43: route | D43: true | E43: 72 | F43: =IF($E43="","",IFERROR(INDEX(PokemonRef!$C$2:$C$494,MATCH($E43,PokemonRef!$A$2:$A$494,0)),"")) | G43: =IF($E43="","",IFERROR(INDEX(PokemonRef!$B$2:$B$494,MATCH($E43,PokemonRef!$A$2:$A$494,0)),"")) | H43: 100 | I43: 5 | J43: 40 | K43: surf | N43: =IF($E43="","",TEXTJOIN("|",TRUE,K43:M43))
A44: kanto_route_24 | B44: Route 24 (Kanto) | C44: route | D44: true | E44: 43 | F44: =IF($E44="","",IFERROR(INDEX(PokemonRef!$C$2:$C$494,MATCH($E44,PokemonRef!$A$2:$A$494,0)),"")) | G44: =IF($E44="","",IFERROR(INDEX(PokemonRef!$B$2:$B$494,MATCH($E44,PokemonRef!$A$2:$A$494,0)),"")) | H44: 25 | I44: 12 | J44: 14 | K44: walk | N44: =IF($E44="","",TEXTJOIN("|",TRUE,K44:M44))
A45: kanto_route_24 | B45: Route 24 (Kanto) | C45: route | D45: true | E45: 69 | F45: =IF($E45="","",IFERROR(INDEX(PokemonRef!$C$2:$C$494,MATCH($E45,PokemonRef!$A$2:$A$494,0)),"")) | G45: =IF($E45="","",IFERROR(INDEX(PokemonRef!$B$2:$B$494,MATCH($E45,PokemonRef!$A$2:$A$494,0)),"")) | H45: 25 | I45: 12 | J45: 14 | K45: walk | N45: =IF($E45="","",TEXTJOIN("|",TRUE,K45:M45))
A46: kanto_route_24 | B46: Route 24 (Kanto) | C46: route | D46: true | E46: 10 | F46: =IF($E46="","",IFERROR(INDEX(PokemonRef!$C$2:$C$494,MATCH($E46,PokemonRef!$A$2:$A$494,0)),"")) | G46: =IF($E46="","",IFERROR(INDEX(PokemonRef!$B$2:$B$494,MATCH($E46,PokemonRef!$A$2:$A$494,0)),"")) | H46: 20 | I46: 7 | J46: 7 | K46: walk | N46: =IF($E46="","",TEXTJOIN("|",TRUE,K46:M46))
A47: kanto_route_24 | B47: Route 24 (Kanto) | C47: route | D47: true | E47: 13 | F47: =IF($E47="","",IFERROR(INDEX(PokemonRef!$C$2:$C$494,MATCH($E47,PokemonRef!$A$2:$A$494,0)),"")) | G47: =IF($E47="","",IFERROR(INDEX(PokemonRef!$B$2:$B$494,MATCH($E47,PokemonRef!$A$2:$A$494,0)),"")) | H47: 20 | I47: 7 | J47: 7 | K47: walk | N47: =IF($E47="","",TEXTJOIN("|",TRUE,K47:M47))
A48: kanto_route_24 | B48: Route 24 (Kanto) | C48: route | D48: true | E48: 16 | F48: =IF($E48="","",IFERROR(INDEX(PokemonRef!$C$2:$C$494,MATCH($E48,PokemonRef!$A$2:$A$494,0)),"")) | G48: =IF($E48="","",IFERROR(INDEX(PokemonRef!$B$2:$B$494,MATCH($E48,PokemonRef!$A$2:$A$494,0)),"")) | H48: 15 | I48: 11 | J48: 13 | K48: walk | N48: =IF($E48="","",TEXTJOIN("|",TRUE,K48:M48))
A49: kanto_route_24 | B49: Route 24 (Kanto) | C49: route | D49: true | E49: 63 | F49: =IF($E49="","",IFERROR(INDEX(PokemonRef!$C$2:$C$494,MATCH($E49,PokemonRef!$A$2:$A$494,0)),"")) | G49: =IF($E49="","",IFERROR(INDEX(PokemonRef!$B$2:$B$494,MATCH($E49,PokemonRef!$A$2:$A$494,0)),"")) | H49: 15 | I49: 8 | J49: 12 | K49: walk | N49: =IF($E49="","",TEXTJOIN("|",TRUE,K49:M49))
A50: kanto_route_24 | B50: Route 24 (Kanto) | C50: route | D50: true | E50: 130 | F50: =IF($E50="","",IFERROR(INDEX(PokemonRef!$C$2:$C$494,MATCH($E50,PokemonRef!$A$2:$A$494,0)),"")) | G50: =IF($E50="","",IFERROR(INDEX(PokemonRef!$B$2:$B$494,MATCH($E50,PokemonRef!$A$2:$A$494,0)),"")) | H50: 15 | I50: 15 | J50: 25 | K50: super-rod | N50: =IF($E50="","",TEXTJOIN("|",TRUE,K50:M50))
A51: kanto_route_24 | B51: Route 24 (Kanto) | C51: route | D51: true | E51: 11 | F51: =IF($E51="","",IFERROR(INDEX(PokemonRef!$C$2:$C$494,MATCH($E51,PokemonRef!$A$2:$A$494,0)),"")) | G51: =IF($E51="","",IFERROR(INDEX(PokemonRef!$B$2:$B$494,MATCH($E51,PokemonRef!$A$2:$A$494,0)),"")) | H51: 4 | I51: 8 | J51: 8 | K51: walk | N51: =IF($E51="","",TEXTJOIN("|",TRUE,K51:M51))
A52: kanto_route_24 | B52: Route 24 (Kanto) | C52: route | D52: true | E52: 14 | F52: =IF($E52="","",IFERROR(INDEX(PokemonRef!$C$2:$C$494,MATCH($E52,PokemonRef!$A$2:$A$494,0)),"")) | G52: =IF($E52="","",IFERROR(INDEX(PokemonRef!$B$2:$B$494,MATCH($E52,PokemonRef!$A$2:$A$494,0)),"")) | H52: 4 | I52: 8 | J52: 8 | K52: walk | N52: =IF($E52="","",TEXTJOIN("|",TRUE,K52:M52))
A53: kanto_route_24 | B53: Route 24 (Kanto) | C53: route | D53: true | E53: 54 | F53: =IF($E53="","",IFERROR(INDEX(PokemonRef!$C$2:$C$494,MATCH($E53,PokemonRef!$A$2:$A$494,0)),"")) | G53: =IF($E53="","",IFERROR(INDEX(PokemonRef!$B$2:$B$494,MATCH($E53,PokemonRef!$A$2:$A$494,0)),"")) | H53: 1 | I53: 25 | J53: 35 | K53: super-rod | N53: =IF($E53="","",TEXTJOIN("|",TRUE,K53:M53))
A54: kanto_route_24 | B54: Route 24 (Kanto) | C54: route | D54: true | E54: 79 | F54: =IF($E54="","",IFERROR(INDEX(PokemonRef!$C$2:$C$494,MATCH($E54,PokemonRef!$A$2:$A$494,0)),"")) | G54: =IF($E54="","",IFERROR(INDEX(PokemonRef!$B$2:$B$494,MATCH($E54,PokemonRef!$A$2:$A$494,0)),"")) | H54: 1 | I54: 25 | J54: 35 | K54: super-rod | N54: =IF($E54="","",TEXTJOIN("|",TRUE,K54:M54))
A55: kanto_route_25 | B55: Route 25 (Kanto) | C55: route | D55: true | E55: 129 | F55: =IF($E55="","",IFERROR(INDEX(PokemonRef!$C$2:$C$494,MATCH($E55,PokemonRef!$A$2:$A$494,0)),"")) | G55: =IF($E55="","",IFERROR(INDEX(PokemonRef!$B$2:$B$494,MATCH($E55,PokemonRef!$A$2:$A$494,0)),"")) | H55: 120 | I55: 5 | J55: 15 | K55: good-rod | L55: old-rod | N55: =IF($E55="","",TEXTJOIN("|",TRUE,K55:M55))
A56: kanto_route_25 | B56: Route 25 (Kanto) | C56: route | D56: true | E56: 54 | F56: =IF($E56="","",IFERROR(INDEX(PokemonRef!$C$2:$C$494,MATCH($E56,PokemonRef!$A$2:$A$494,0)),"")) | G56: =IF($E56="","",IFERROR(INDEX(PokemonRef!$B$2:$B$494,MATCH($E56,PokemonRef!$A$2:$A$494,0)),"")) | H56: 105 | I56: 15 | J56: 40 | K56: super-rod | L56: surf | N56: =IF($E56="","",TEXTJOIN("|",TRUE,K56:M56))
A57: kanto_route_25 | B57: Route 25 (Kanto) | C57: route | D57: true | E57: 79 | F57: =IF($E57="","",IFERROR(INDEX(PokemonRef!$C$2:$C$494,MATCH($E57,PokemonRef!$A$2:$A$494,0)),"")) | G57: =IF($E57="","",IFERROR(INDEX(PokemonRef!$B$2:$B$494,MATCH($E57,PokemonRef!$A$2:$A$494,0)),"")) | H57: 105 | I57: 15 | J57: 40 | K57: super-rod | L57: surf | N57: =IF($E57="","",TEXTJOIN("|",TRUE,K57:M57))
A58: kanto_route_25 | B58: Route 25 (Kanto) | C58: route | D58: true | E58: 60 | F58: =IF($E58="","",IFERROR(INDEX(PokemonRef!$C$2:$C$494,MATCH($E58,PokemonRef!$A$2:$A$494,0)),"")) | G58: =IF($E58="","",IFERROR(INDEX(PokemonRef!$B$2:$B$494,MATCH($E58,PokemonRef!$A$2:$A$494,0)),"")) | H58: 100 | I58: 5 | J58: 25 | K58: good-rod | L58: super-rod | N58: =IF($E58="","",TEXTJOIN("|",TRUE,K58:M58))
A59: kanto_route_25 | B59: Route 25 (Kanto) | C59: route | D59: true | E59: 61 | F59: =IF($E59="","",IFERROR(INDEX(PokemonRef!$C$2:$C$494,MATCH($E59,PokemonRef!$A$2:$A$494,0)),"")) | G59: =IF($E59="","",IFERROR(INDEX(PokemonRef!$B$2:$B$494,MATCH($E59,PokemonRef!$A$2:$A$494,0)),"")) | H59: 40 | I59: 20 | J59: 30 | K59: super-rod | N59: =IF($E59="","",TEXTJOIN("|",TRUE,K59:M59))
A60: kanto_route_25 | B60: Route 25 (Kanto) | C60: route | D60: true | E60: 43 | F60: =IF($E60="","",IFERROR(INDEX(PokemonRef!$C$2:$C$494,MATCH($E60,PokemonRef!$A$2:$A$494,0)),"")) | G60: =IF($E60="","",IFERROR(INDEX(PokemonRef!$B$2:$B$494,MATCH($E60,PokemonRef!$A$2:$A$494,0)),"")) | H60: 25 | I60: 12 | J60: 14 | K60: walk | N60: =IF($E60="","",TEXTJOIN("|",TRUE,K60:M60))
A61: kanto_route_25 | B61: Route 25 (Kanto) | C61: route | D61: true | E61: 69 | F61: =IF($E61="","",IFERROR(INDEX(PokemonRef!$C$2:$C$494,MATCH($E61,PokemonRef!$A$2:$A$494,0)),"")) | G61: =IF($E61="","",IFERROR(INDEX(PokemonRef!$B$2:$B$494,MATCH($E61,PokemonRef!$A$2:$A$494,0)),"")) | H61: 25 | I61: 12 | J61: 14 | K61: walk | N61: =IF($E61="","",TEXTJOIN("|",TRUE,K61:M61))
A62: kanto_route_25 | B62: Route 25 (Kanto) | C62: route | D62: true | E62: 10 | F62: =IF($E62="","",IFERROR(INDEX(PokemonRef!$C$2:$C$494,MATCH($E62,PokemonRef!$A$2:$A$494,0)),"")) | G62: =IF($E62="","",IFERROR(INDEX(PokemonRef!$B$2:$B$494,MATCH($E62,PokemonRef!$A$2:$A$494,0)),"")) | H62: 20 | I62: 8 | J62: 8 | K62: walk | N62: =IF($E62="","",TEXTJOIN("|",TRUE,K62:M62))
A63: kanto_route_25 | B63: Route 25 (Kanto) | C63: route | D63: true | E63: 13 | F63: =IF($E63="","",IFERROR(INDEX(PokemonRef!$C$2:$C$494,MATCH($E63,PokemonRef!$A$2:$A$494,0)),"")) | G63: =IF($E63="","",IFERROR(INDEX(PokemonRef!$B$2:$B$494,MATCH($E63,PokemonRef!$A$2:$A$494,0)),"")) | H63: 20 | I63: 8 | J63: 8 | K63: walk | N63: =IF($E63="","",TEXTJOIN("|",TRUE,K63:M63))
A64: kanto_route_25 | B64: Route 25 (Kanto) | C64: route | D64: true | E64: 118 | F64: =IF($E64="","",IFERROR(INDEX(PokemonRef!$C$2:$C$494,MATCH($E64,PokemonRef!$A$2:$A$494,0)),"")) | G64: =IF($E64="","",IFERROR(INDEX(PokemonRef!$B$2:$B$494,MATCH($E64,PokemonRef!$A$2:$A$494,0)),"")) | H64: 20 | I64: 5 | J64: 15 | K64: good-rod | N64: =IF($E64="","",TEXTJOIN("|",TRUE,K64:M64))
A65: kanto_route_25 | B65: Route 25 (Kanto) | C65: route | D65: true | E65: 16 | F65: =IF($E65="","",IFERROR(INDEX(PokemonRef!$C$2:$C$494,MATCH($E65,PokemonRef!$A$2:$A$494,0)),"")) | G65: =IF($E65="","",IFERROR(INDEX(PokemonRef!$B$2:$B$494,MATCH($E65,PokemonRef!$A$2:$A$494,0)),"")) | H65: 15 | I65: 11 | J65: 13 | K65: walk | N65: =IF($E65="","",TEXTJOIN("|",TRUE,K65:M65))
A66: kanto_route_25 | B66: Route 25 (Kanto) | C66: route | D66: true | E66: 63 | F66: =IF($E66="","",IFERROR(INDEX(PokemonRef!$C$2:$C$494,MATCH($E66,PokemonRef!$A$2:$A$494,0)),"")) | G66: =IF($E66="","",IFERROR(INDEX(PokemonRef!$B$2:$B$494,MATCH($E66,PokemonRef!$A$2:$A$494,0)),"")) | H66: 15 | I66: 9 | J66: 13 | K66: walk | N66: =IF($E66="","",TEXTJOIN("|",TRUE,K66:M66))
A67: kanto_route_25 | B67: Route 25 (Kanto) | C67: route | D67: true | E67: 130 | F67: =IF($E67="","",IFERROR(INDEX(PokemonRef!$C$2:$C$494,MATCH($E67,PokemonRef!$A$2:$A$494,0)),"")) | G67: =IF($E67="","",IFERROR(INDEX(PokemonRef!$B$2:$B$494,MATCH($E67,PokemonRef!$A$2:$A$494,0)),"")) | H67: 15 | I67: 15 | J67: 25 | K67: super-rod | N67: =IF($E67="","",TEXTJOIN("|",TRUE,K67:M67))
A68: kanto_route_25 | B68: Route 25 (Kanto) | C68: route | D68: true | E68: 11 | F68: =IF($E68="","",IFERROR(INDEX(PokemonRef!$C$2:$C$494,MATCH($E68,PokemonRef!$A$2:$A$494,0)),"")) | G68: =IF($E68="","",IFERROR(INDEX(PokemonRef!$B$2:$B$494,MATCH($E68,PokemonRef!$A$2:$A$494,0)),"")) | H68: 4 | I68: 9 | J68: 9 | K68: walk | N68: =IF($E68="","",TEXTJOIN("|",TRUE,K68:M68))
A69: kanto_route_25 | B69: Route 25 (Kanto) | C69: route | D69: true | E69: 14 | F69: =IF($E69="","",IFERROR(INDEX(PokemonRef!$C$2:$C$494,MATCH($E69,PokemonRef!$A$2:$A$494,0)),"")) | G69: =IF($E69="","",IFERROR(INDEX(PokemonRef!$B$2:$B$494,MATCH($E69,PokemonRef!$A$2:$A$494,0)),"")) | H69: 4 | I69: 9 | J69: 9 | K69: walk | N69: =IF($E69="","",TEXTJOIN("|",TRUE,K69:M69))
A70: kanto_route_5 | B70: Route 5 (Kanto) | C70: route | D70: true | E70: 16 | F70: =IF($E70="","",IFERROR(INDEX(PokemonRef!$C$2:$C$494,MATCH($E70,PokemonRef!$A$2:$A$494,0)),"")) | G70: =IF($E70="","",IFERROR(INDEX(PokemonRef!$B$2:$B$494,MATCH($E70,PokemonRef!$A$2:$A$494,0)),"")) | H70: 40 | I70: 13 | J70: 16 | K70: walk | N70: =IF($E70="","",TEXTJOIN("|",TRUE,K70:M70))
... A73: kanto_route_5 | B73: Route 5 (Kanto) | C73: route | D73: true | E73: 69 | F73: =IF($E73="","",IFERROR(INDEX(PokemonRef!$C$2:$C$494,MATCH($E73,PokemonRef!$A$2:$A$494,0)),"")) | G73: =IF($E73="","",IFERROR(INDEX(PokemonRef!$B$2:$B$494,MATCH($E73,PokemonRef!$A$2:$A$494,0)),"")) | H73: 25 | I73: 13 | J73: 16 | K73: walk | N73: =IF($E73="","",TEXTJOIN("|",TRUE,K73:M73))
A74: kanto_route_6 | B74: Route 6 (Kanto) | C74: route | D74: true | E74: 129 | F74: =IF($E74="","",IFERROR(INDEX(PokemonRef!$C$2:$C$494,MATCH($E74,PokemonRef!$A$2:$A$494,0)),"")) | G74: =IF($E74="","",IFERROR(INDEX(PokemonRef!$B$2:$B$494,MATCH($E74,PokemonRef!$A$2:$A$494,0)),"")) | H74: 120 | I74: 5 | J74: 15 | K74: good-rod | L74: old-rod | N74: =IF($E74="","",TEXTJOIN("|",TRUE,K74:M74))
A75: kanto_route_6 | B75: Route 6 (Kanto) | C75: route | D75: true | E75: 54 | F75: =IF($E75="","",IFERROR(INDEX(PokemonRef!$C$2:$C$494,MATCH($E75,PokemonRef!$A$2:$A$494,0)),"")) | G75: =IF($E75="","",IFERROR(INDEX(PokemonRef!$B$2:$B$494,MATCH($E75,PokemonRef!$A$2:$A$494,0)),"")) | H75: 105 | I75: 15 | J75: 40 | K75: super-rod | L75: surf | N75: =IF($E75="","",TEXTJOIN("|",TRUE,K75:M75))
A76: kanto_route_6 | B76: Route 6 (Kanto) | C76: route | D76: true | E76: 79 | F76: =IF($E76="","",IFERROR(INDEX(PokemonRef!$C$2:$C$494,MATCH($E76,PokemonRef!$A$2:$A$494,0)),"")) | G76: =IF($E76="","",IFERROR(INDEX(PokemonRef!$B$2:$B$494,MATCH($E76,PokemonRef!$A$2:$A$494,0)),"")) | H76: 105 | I76: 15 | J76: 40 | K76: super-rod | L76: surf | N76: =IF($E76="","",TEXTJOIN("|",TRUE,K76:M76))
A77: kanto_route_6 | B77: Route 6 (Kanto) | C77: route | D77: true | E77: 60 | F77: =IF($E77="","",IFERROR(INDEX(PokemonRef!$C$2:$C$494,MATCH($E77,PokemonRef!$A$2:$A$494,0)),"")) | G77: =IF($E77="","",IFERROR(INDEX(PokemonRef!$B$2:$B$494,MATCH($E77,PokemonRef!$A$2:$A$494,0)),"")) | H77: 100 | I77: 5 | J77: 25 | K77: good-rod | L77: super-rod | N77: =IF($E77="","",TEXTJOIN("|",TRUE,K77:M77))
A78: kanto_route_6 | B78: Route 6 (Kanto) | C78: route | D78: true | E78: 16 | F78: =IF($E78="","",IFERROR(INDEX(PokemonRef!$C$2:$C$494,MATCH($E78,PokemonRef!$A$2:$A$494,0)),"")) | G78: =IF($E78="","",IFERROR(INDEX(PokemonRef!$B$2:$B$494,MATCH($E78,PokemonRef!$A$2:$A$494,0)),"")) | H78: 40 | I78: 13 | J78: 16 | K78: walk | N78: =IF($E78="","",TEXTJOIN("|",TRUE,K78:M78))
A79: kanto_route_6 | B79: Route 6 (Kanto) | C79: route | D79: true | E79: 61 | F79: =IF($E79="","",IFERROR(INDEX(PokemonRef!$C$2:$C$494,MATCH($E79,PokemonRef!$A$2:$A$494,0)),"")) | G79: =IF($E79="","",IFERROR(INDEX(PokemonRef!$B$2:$B$494,MATCH($E79,PokemonRef!$A$2:$A$494,0)),"")) | H79: 40 | I79: 20 | J79: 30 | K79: super-rod | N79: =IF($E79="","",TEXTJOIN("|",TRUE,K79:M79))
A80: kanto_route_6 | B80: Route 6 (Kanto) | C80: route | D80: true | E80: 52 | F80: =IF($E80="","",IFERROR(INDEX(PokemonRef!$C$2:$C$494,MATCH($E80,PokemonRef!$A$2:$A$494,0)),"")) | G80: =IF($E80="","",IFERROR(INDEX(PokemonRef!$B$2:$B$494,MATCH($E80,PokemonRef!$A$2:$A$494,0)),"")) | H80: 35 | I80: 10 | J80: 16 | K80: walk | N80: =IF($E80="","",TEXTJOIN("|",TRUE,K80:M80))
A81: kanto_route_6 | B81: Route 6 (Kanto) | C81: route | D81: true | E81: 43 | F81: =IF($E81="","",IFERROR(INDEX(PokemonRef!$C$2:$C$494,MATCH($E81,PokemonRef!$A$2:$A$494,0)),"")) | G81: =IF($E81="","",IFERROR(INDEX(PokemonRef!$B$2:$B$494,MATCH($E81,PokemonRef!$A$2:$A$494,0)),"")) | H81: 25 | I81: 13 | J81: 16 | K81: walk | N81: =IF($E81="","",TEXTJOIN("|",TRUE,K81:M81))
A82: kanto_route_6 | B82: Route 6 (Kanto) | C82: route | D82: true | E82: 69 | F82: =IF($E82="","",IFERROR(INDEX(PokemonRef!$C$2:$C$494,MATCH($E82,PokemonRef!$A$2:$A$494,0)),"")) | G82: =IF($E82="","",IFERROR(INDEX(PokemonRef!$B$2:$B$494,MATCH($E82,PokemonRef!$A$2:$A$494,0)),"")) | H82: 25 | I82: 13 | J82: 16 | K82: walk | N82: =IF($E82="","",TEXTJOIN("|",TRUE,K82:M82))
A83: kanto_route_6 | B83: Route 6 (Kanto) | C83: route | D83: true | E83: 118 | F83: =IF($E83="","",IFERROR(INDEX(PokemonRef!$C$2:$C$494,MATCH($E83,PokemonRef!$A$2:$A$494,0)),"")) | G83: =IF($E83="","",IFERROR(INDEX(PokemonRef!$B$2:$B$494,MATCH($E83,PokemonRef!$A$2:$A$494,0)),"")) | H83: 20 | I83: 5 | J83: 15 | K83: good-rod | N83: =IF($E83="","",TEXTJOIN("|",TRUE,K83:M83))
A84: kanto_route_6 | B84: Route 6 (Kanto) | C84: route | D84: true | E84: 130 | F84: =IF($E84="","",IFERROR(INDEX(PokemonRef!$C$2:$C$494,MATCH($E84,PokemonRef!$A$2:$A$494,0)),"")) | G84: =IF($E84="","",IFERROR(INDEX(PokemonRef!$B$2:$B$494,MATCH($E84,PokemonRef!$A$2:$A$494,0)),"")) | H84: 15 | I84: 15 | J84: 25 | K84: super-rod | N84: =IF($E84="","",TEXTJOIN("|",TRUE,K84:M84))
A85: kanto_city_vermilion_city | B85: Carmin-sur-Mer (Kanto) | C85: town | D85: false
A86: kanto_route_11 | B86: Route 11 (Kanto) | C86: route | D86: true | E86: 98 | F86: =IF($E86="","",IFERROR(INDEX(PokemonRef!$C$2:$C$494,MATCH($E86,PokemonRef!$A$2:$A$494,0)),"")) | G86: =IF($E86="","",IFERROR(INDEX(PokemonRef!$B$2:$B$494,MATCH($E86,PokemonRef!$A$2:$A$494,0)),"")) | H86: 144 | I86: 5 | J86: 35 | K86: good-rod | L86: super-rod | N86: =IF($E86="","",TEXTJOIN("|",TRUE,K86:M86))
A87: kanto_route_11 | B87: Route 11 (Kanto) | C87: route | D87: true | E87: 116 | F87: =IF($E87="","",IFERROR(INDEX(PokemonRef!$C$2:$C$494,MATCH($E87,PokemonRef!$A$2:$A$494,0)),"")) | G87: =IF($E87="","",IFERROR(INDEX(PokemonRef!$B$2:$B$494,MATCH($E87,PokemonRef!$A$2:$A$494,0)),"")) | H87: 144 | I87: 5 | J87: 35 | K87: good-rod | L87: super-rod | N87: =IF($E87="","",TEXTJOIN("|",TRUE,K87:M87))
A88: kanto_route_11 | B88: Route 11 (Kanto) | C88: route | D88: true | E88: 129 | F88: =IF($E88="","",IFERROR(INDEX(PokemonRef!$C$2:$C$494,MATCH($E88,PokemonRef!$A$2:$A$494,0)),"")) | G88: =IF($E88="","",IFERROR(INDEX(PokemonRef!$B$2:$B$494,MATCH($E88,PokemonRef!$A$2:$A$494,0)),"")) | H88: 120 | I88: 5 | J88: 15 | K88: good-rod | L88: old-rod | N88: =IF($E88="","",TEXTJOIN("|",TRUE,K88:M88))
A89: kanto_route_11 | B89: Route 11 (Kanto) | C89: route | D89: true | E89: 72 | F89: =IF($E89="","",IFERROR(INDEX(PokemonRef!$C$2:$C$494,MATCH($E89,PokemonRef!$A$2:$A$494,0)),"")) | G89: =IF($E89="","",IFERROR(INDEX(PokemonRef!$B$2:$B$494,MATCH($E89,PokemonRef!$A$2:$A$494,0)),"")) | H89: 100 | I89: 5 | J89: 40 | K89: surf | N89: =IF($E89="","",TEXTJOIN("|",TRUE,K89:M89))
A90: kanto_route_11 | B90: Route 11 (Kanto) | C90: route | D90: true | E90: 23 | F90: =IF($E90="","",IFERROR(INDEX(PokemonRef!$C$2:$C$494,MATCH($E90,PokemonRef!$A$2:$A$494,0)),"")) | G90: =IF($E90="","",IFERROR(INDEX(PokemonRef!$B$2:$B$494,MATCH($E90,PokemonRef!$A$2:$A$494,0)),"")) | H90: 40 | I90: 12 | J90: 15 | K90: walk | N90: =IF($E90="","",TEXTJOIN("|",TRUE,K90:M90))
A91: kanto_route_11 | B91: Route 11 (Kanto) | C91: route | D91: true | E91: 27 | F91: =IF($E91="","",IFERROR(INDEX(PokemonRef!$C$2:$C$494,MATCH($E91,PokemonRef!$A$2:$A$494,0)),"")) | G91: =IF($E91="","",IFERROR(INDEX(PokemonRef!$B$2:$B$494,MATCH($E91,PokemonRef!$A$2:$A$494,0)),"")) | H91: 40 | I91: 12 | J91: 15 | K91: walk | N91: =IF($E91="","",TEXTJOIN("|",TRUE,K91:M91))
A92: kanto_route_11 | B92: Route 11 (Kanto) | C92: route | D92: true | E92: 21 | F92: =IF($E92="","",IFERROR(INDEX(PokemonRef!$C$2:$C$494,MATCH($E92,PokemonRef!$A$2:$A$494,0)),"")) | G92: =IF($E92="","",IFERROR(INDEX(PokemonRef!$B$2:$B$494,MATCH($E92,PokemonRef!$A$2:$A$494,0)),"")) | H92: 35 | I92: 13 | J92: 17 | K92: walk | N92: =IF($E92="","",TEXTJOIN("|",TRUE,K92:M92))
A93: kanto_route_11 | B93: Route 11 (Kanto) | C93: route | D93: true | E93: 96 | F93: =IF($E93="","",IFERROR(INDEX(PokemonRef!$C$2:$C$494,MATCH($E93,PokemonRef!$A$2:$A$494,0)),"")) | G93: =IF($E93="","",IFERROR(INDEX(PokemonRef!$B$2:$B$494,MATCH($E93,PokemonRef!$A$2:$A$494,0)),"")) | H93: 25 | I93: 11 | J93: 15 | K93: walk | N93: =IF($E93="","",TEXTJOIN("|",TRUE,K93:M93))
A94: kanto_route_11 | B94: Route 11 (Kanto) | C94: route | D94: true | E94: 130 | F94: =IF($E94="","",IFERROR(INDEX(PokemonRef!$C$2:$C$494,MATCH($E94,PokemonRef!$A$2:$A$494,0)),"")) | G94: =IF($E94="","",IFERROR(INDEX(PokemonRef!$B$2:$B$494,MATCH($E94,PokemonRef!$A$2:$A$494,0)),"")) | H94: 15 | I94: 15 | J94: 25 | K94: super-rod | N94: =IF($E94="","",TEXTJOIN("|",TRUE,K94:M94))
A95: kanto_route_11 | B95: Route 11 (Kanto) | C95: route | D95: true | E95: 54 | F95: =IF($E95="","",IFERROR(INDEX(PokemonRef!$C$2:$C$494,MATCH($E95,PokemonRef!$A$2:$A$494,0)),"")) | G95: =IF($E95="","",IFERROR(INDEX(PokemonRef!$B$2:$B$494,MATCH($E95,PokemonRef!$A$2:$A$494,0)),"")) | H95: 1 | I95: 25 | J95: 35 | K95: super-rod | N95: =IF($E95="","",TEXTJOIN("|",TRUE,K95:M95))
A96: kanto_route_11 | B96: Route 11 (Kanto) | C96: route | D96: true | E96: 79 | F96: =IF($E96="","",IFERROR(INDEX(PokemonRef!$C$2:$C$494,MATCH($E96,PokemonRef!$A$2:$A$494,0)),"")) | G96: =IF($E96="","",IFERROR(INDEX(PokemonRef!$B$2:$B$494,MATCH($E96,PokemonRef!$A$2:$A$494,0)),"")) | H96: 1 | I96: 25 | J96: 35 | K96: super-rod | N96: =IF($E96="","",TEXTJOIN("|",TRUE,K96:M96))
A97: kanto_dungeon_digletts_cave | B97: Cave Taupiqueur (Kanto) | C97: dungeon | D97: true | E97: 50 | F97: =IF($E97="","",IFERROR(INDEX(PokemonRef!$C$2:$C$494,MATCH($E97,PokemonRef!$A$2:$A$494,0)),"")) | G97: =IF($E97="","",IFERROR(INDEX(PokemonRef!$B$2:$B$494,MATCH($E97,PokemonRef!$A$2:$A$494,0)),"")) | H97: 95 | I97: 15 | J97: 22 | K97: walk | N97: =IF($E97="","",TEXTJOIN("|",TRUE,K97:M97))
A98: kanto_dungeon_digletts_cave | B98: Cave Taupiqueur (Kanto) | C98: dungeon | D98: true | E98: 51 | F98: =IF($E98="","",IFERROR(INDEX(PokemonRef!$C$2:$C$494,MATCH($E98,PokemonRef!$A$2:$A$494,0)),"")) | G98: =IF($E98="","",IFERROR(INDEX(PokemonRef!$B$2:$B$494,MATCH($E98,PokemonRef!$A$2:$A$494,0)),"")) | H98: 5 | I98: 29 | J98: 31 | K98: walk | N98: =IF($E98="","",TEXTJOIN("|",TRUE,K98:M98))
A99: kanto_route_9 | B99: Route 9 (Kanto) | C99: route | D99: true | E99: 19 | F99: =IF($E99="","",IFERROR(INDEX(PokemonRef!$C$2:$C$494,MATCH($E99,PokemonRef!$A$2:$A$494,0)),"")) | G99: =IF($E99="","",IFERROR(INDEX(PokemonRef!$B$2:$B$494,MATCH($E99,PokemonRef!$A$2:$A$494,0)),"")) | H99: 40 | I99: 14 | J99: 17 | K99: walk | N99: =IF($E99="","",TEXTJOIN("|",TRUE,K99:M99))
A100: kanto_route_9 | B100: Route 9 (Kanto) | C100: route | D100: true | E100: 21 | F100: =IF($E100="","",IFERROR(INDEX(PokemonRef!$C$2:$C$494,MATCH($E100,PokemonRef!$A$2:$A$494,0)),"")) | G100: =IF($E100="","",IFERROR(INDEX(PokemonRef!$B$2:$B$494,MATCH($E100,PokemonRef!$A$2:$A$494,0)),"")) | H100: 35 | I100: 13 | J100: 17 | K100: walk | N100: =IF($E100="","",TEXTJOIN("|",TRUE,K100:M100))
... A102: kanto_route_9 | B102: Route 9 (Kanto) | C102: route | D102: true | E102: 27 | F102: =IF($E102="","",IFERROR(INDEX(PokemonRef!$C$2:$C$494,MATCH($E102,PokemonRef!$A$2:$A$494,0)),"")) | G102: =IF($E102="","",IFERROR(INDEX(PokemonRef!$B$2:$B$494,MATCH($E102,PokemonRef!$A$2:$A$494,0)),"")) | H102: 25 | I102: 11 | J102: 17 | K102: walk | N102: =IF($E102="","",TEXTJOIN("|",TRUE,K102:M102))
A103: kanto_route_10 | B103: Route 10 (Kanto) | C103: route | D103: true | E103: 98 | F103: =IF($E103="","",IFERROR(INDEX(PokemonRef!$C$2:$C$494,MATCH($E103,PokemonRef!$A$2:$A$494,0)),"")) | G103: =IF($E103="","",IFERROR(INDEX(PokemonRef!$B$2:$B$494,MATCH($E103,PokemonRef!$A$2:$A$494,0)),"")) | H103: 144 | I103: 5 | J103: 35 | K103: good-rod | L103: super-rod | N103: =IF($E103="","",TEXTJOIN("|",TRUE,K103:M103))
...
